"spp","ab.class","mean.obs","sd.obs","lwr.obs","upr.obs","mean.comb","sd.comb","mean.random","sd.random","lwr.random","upr.random","sp.rank","sp.rank.c","sp.rank.r"
"sp001","Core",9,45.2258699235828,0.0333333333333333,54.2258699235828,9.02877314237704,45.3534336235063,11.3434421629289,56.6557392012933,0.0333333333333333,65.6557392012933,21,21,12
"sp002","Occasional",0.233333333333333,1.10432795395437,0.0333333333333333,1.33766128728771,0.233033658186847,1.13146522644433,0.237749628523684,1.16204367256824,0.0333333333333333,1.39537700590157,126,126,125
"sp003","Occasional",2.86666666666667,9.18294270817417,0.0333333333333333,12.0496093748408,2.78879176855953,9.19705682799559,2.74430775425122,9.12393312137171,0.0333333333333333,11.9905997880384,52,53,39
"sp004","Occasional",3,6.55480871127292,0.0333333333333333,9.55480871127292,3.0152211368239,6.58625666423018,3.00753155242107,6.58023493843808,0.0333333333333333,9.58023493843808,49,49,31
"sp005","Occasional",2.63333333333333,11.7722154869534,0.0333333333333333,14.4055488202867,2.70739458416631,12.2149953805242,2.74342454492987,12.4038797964919,0.0333333333333333,15.0372131298252,56,56,40
"sp006","Occasional",1.53333333333333,5.98119658961968,0.0333333333333333,7.51452992295302,1.52106729643722,5.93360385978346,1.4723636586028,5.70607984631363,0.0333333333333333,7.23941317964696,69,70,63
"sp007","Occasional",0.0666666666666667,0.365148371670111,0.0333333333333333,0.431815038336777,0.0594398693159333,0.32208235324687,0.0576726219017377,0.312431755524024,0.0333333333333333,0.37909842219069,140,143,143
"sp008","Occasional",0.533333333333333,2.41737009183938,0.0333333333333333,2.95070342517271,0.509759127714809,2.30120793661592,0.522144579099673,2.36520750954145,0.0333333333333333,2.89854084287479,96,97,94
"sp009","Occasional",0.1,0.547722557505166,0.0333333333333333,0.647722557505166,0.0970791655316104,0.528445740776227,0.101999082607395,0.555421680849352,0.0333333333333333,0.655421680849352,137,139,136
"sp010","Occasional",0.766666666666667,3.49071016718151,0.0333333333333333,4.25737683384818,0.731157303527802,3.34857159321667,0.712553449195711,3.24611322717508,0.0333333333333333,4.01277989384175,86,87,86
"sp011","Occasional",0.133333333333333,0.730296743340221,0.0333333333333333,0.863630076673555,0.117443809903224,0.639923981764295,0.110954614458581,0.604358196782195,0.0333333333333333,0.737691530115528,133,136,135
"sp012","Core",16.1,53.5152894684926,0.0333333333333333,69.6152894684926,15.9954697501241,53.3870172698671,1.94733098147259,6.47710926473841,9.62289073526159,22.5771092647384,10,11,52
"sp013","Occasional",0.266666666666667,1.46059348668044,0.0333333333333333,1.72726015334711,0.258611792850424,1.41356647711331,0.254573839995816,1.39149652276817,0.0333333333333333,1.65816318943484,122,125,124
"sp014","Occasional",1.06666666666667,5.65644785168665,0.0333333333333333,6.72311451835332,1.0493317810969,5.58659159379898,1.06255010033303,5.66038702126937,0.0333333333333333,6.72705368793603,77,77,73
"sp015","Occasional",1,3.30099253621361,0.0333333333333333,4.30099253621361,0.940732703534599,3.11498956054045,0.961719367665086,3.18096194979039,0.0333333333333333,4.18096194979039,78,80,75
"sp016","Occasional",0.0333333333333333,0.182574185835055,0.0333333333333333,0.215907519168389,0.0264126738228086,0.141098077622848,0.0254429933136237,0.135786824178564,0.0333333333333333,0.169120157511898,145,153,153
"sp017","Occasional",0.2,0.805155799872897,0.0333333333333333,1.0051557998729,0.194285576800744,0.774806128721966,0.199915935205125,0.796683328537611,0.0333333333333333,0.996683328537611,130,132,130
"sp018","Occasional",0.0666666666666667,0.365148371670111,0.0333333333333333,0.431815038336777,0.0656678002796265,0.356195149738846,0.0651456401838118,0.353342544824841,0.0333333333333333,0.420009211491508,141,140,139
"sp019","Occasional",0.3,1.20773369980935,0.0333333333333333,1.50773369980935,0.298916965394863,1.20575384161963,0.303324496240885,1.21509342611872,0.0333333333333333,1.51509342611872,117,118,115
"sp020","Occasional",2.2,3.41800506446226,0.0333333333333333,5.61800506446226,2.14658416251553,3.42451414433854,2.18862999501342,3.53910750468952,0.0333333333333333,5.73910750468952,60,60,46
"sp021","Occasional",0.233333333333333,0.935260735665815,0.0333333333333333,1.16859406899915,0.218997592984604,0.896545619593576,0.216933823724926,0.88772469558689,0.0333333333333333,1.12105802892022,127,128,127
"sp022","Occasional",0.333333333333333,1.82574185835055,0.0333333333333333,2.15907519168389,0.330043000381522,1.80445285396413,0.332569190301238,1.81831797946254,0.0333333333333333,2.15165131279587,113,114,111
"sp023","Occasional",0.866666666666667,3.52071048211161,0.0333333333333333,4.38737714877828,0.836232725336915,3.45513661413377,0.843358485578855,3.52378371847311,0.0333333333333333,4.39045038513977,83,83,79
"sp024","Occasional",0.2,1.09544511501033,0.0333333333333333,1.29544511501033,0.20055761261998,1.09556118800263,0.194531835873931,1.06255317438798,0.0333333333333333,1.26255317438798,131,130,131
"sp025","Core",6.3,13.8493121950464,0.0333333333333333,20.1493121950464,6.45872293443926,14.1920414432675,1.96228033294124,5.30592964022542,0.994070359774577,11.6059296402254,31,31,51
"sp026","Occasional",0.566666666666667,1.63334506212068,0.0333333333333333,2.20001172878735,0.55081853437577,1.59524041297946,0.567560096207044,1.65478910535058,0.0333333333333333,2.22145577201725,93,94,89
"sp027","Occasional",0.0333333333333333,0.182574185835055,0.0333333333333333,0.215907519168389,0.0299717741645839,0.160869911219738,0.03071732816561,0.164929678626918,0.0333333333333333,0.198263011960251,146,148,145
"sp028","Occasional",3.73333333333333,12.8437112837462,0.0333333333333333,16.5770446170796,3.7221881079106,12.7753300611033,3.68431657663856,12.6277441297301,0.0333333333333333,16.3610774630634,43,43,25
"sp029","Occasional",0.266666666666667,1.14269292744673,0.0333333333333333,1.4093595941134,0.270971722372923,1.17105529728166,0.260120069137507,1.11371868498386,0.0333333333333333,1.38038535165053,123,124,123
"sp030","Core",27.6,88.2549598098288,0.0333333333333333,115.854959809829,28.4484199271081,90.3404491079296,39.9598593510535,128.045760699171,0.0333333333333333,155.645760699171,5,4,2
"sp031","Core",8.06666666666667,23.0680153748287,0.0333333333333333,31.1346820414954,8.10006998421824,23.1618164149267,4.80917313958247,14.1716367508925,0.0333333333333333,22.2383034175592,24,23,17
"sp032","Core",27.7,62.4058739498797,0.0333333333333333,90.1058739498797,28.2598443877752,64.4731259636011,1.07572934978848,3.40291841244071,24.2970815875593,31.1029184124407,4,5,72
"sp033","Occasional",1.73333333333333,3.76859374973938,0.0333333333333333,5.50192708307271,1.67428695904405,3.68143340828205,1.68162908485352,3.74786519449553,0.0333333333333333,5.48119852782886,65,68,58
"sp034","Occasional",0.4,1.83077145977619,0.0333333333333333,2.23077145977619,0.408488122414233,1.9036246452286,0.401824790027297,1.86349049826498,0.0333333333333333,2.26349049826498,108,109,107
"sp035","Occasional",0.933333333333333,4.3859755595757,0.0333333333333333,5.31930889290904,0.943319958332058,4.43031724877037,0.939818169010506,4.41227575582306,0.0333333333333333,5.34560908915639,80,79,76
"sp036","Occasional",0.8,3.05580284614089,0.0333333333333333,3.85580284614089,0.783035933097152,2.99839452340617,0.763986798217202,2.92430441935525,0.0333333333333333,3.72430441935525,85,85,82
"sp037","Core",13.4,37.9760360009418,0.0333333333333333,51.3760360009418,13.2927471520903,38.0914983357072,0.821182889818294,3.3602883033019,10.0397116966981,16.7602883033019,16,16,80
"sp038","Occasional",1.46666666666667,7.66421749985329,0.0333333333333333,9.13088416651996,1.507238454104,7.9106376722619,1.4137184136669,7.38853207805232,0.0333333333333333,8.85519874471898,72,71,66
"sp039","Occasional",1.96666666666667,6.4779910324183,0.0333333333333333,8.44465769908497,2.05383251151405,6.99141107751835,1.98694745514173,6.74883316373403,0.0333333333333333,8.7154998304007,63,62,50
"sp040","Occasional",3.76666666666667,10.4144572369485,0.0333333333333333,14.1811239036152,3.811391825144,10.5785332921377,3.72996274468628,10.3779515395835,0.0333333333333333,14.1446182062501,42,42,24
"sp041","Occasional",1.4,3.88276474550873,0.0333333333333333,5.28276474550873,1.43421127871454,4.04452999410547,1.42182054326358,4.02828030856742,0.0333333333333333,5.42828030856742,74,74,65
"sp042","Occasional",0.333333333333333,1.15470053837925,0.0333333333333333,1.48803387171259,0.315068843141693,1.11164922366755,0.314763622881829,1.10617138772685,0.0333333333333333,1.43950472106018,114,116,114
"sp043","Occasional",0.9,2.95191346476286,0.0333333333333333,3.85191346476286,0.894866191242755,2.96587127786236,0.923505926815807,3.06727264859162,0.0333333333333333,3.96727264859162,82,82,78
"sp044","Core",4.33333333333333,5.63445884151989,0.0333333333333333,9.96779217485322,4.26592217143699,5.65248690033083,19.4490095507147,74.6977869703102,0.0333333333333333,79.0311203036435,39,40,4
"sp045","Occasional",2.83333333333333,5.83144468604794,0.0333333333333333,8.66477801938128,2.88693990337014,6.06208558745152,2.92912003643769,6.20027415352448,0.0333333333333333,9.03360748685781,53,51,33
"sp046","Occasional",0.566666666666667,1.59056123977396,0.0333333333333333,2.15722790644062,0.551673123487153,1.56795029325626,0.549111423241704,1.56738910918738,0.0333333333333333,2.13405577585404,94,93,92
"sp047","Occasional",1.5,5.1377574606182,0.0333333333333333,6.6377574606182,1.48527372218689,5.17533912106098,1.50654483229959,5.23663653045227,0.0333333333333333,6.73663653045227,71,72,62
"sp048","Occasional",0.366666666666667,1.37673610356182,0.0333333333333333,1.74340277022848,0.343250236037051,1.29592281337999,0.346046560269132,1.31540480361631,0.0333333333333333,1.68207147028297,111,112,110
"sp049","Occasional",1.23333333333333,4.00588647327675,0.0333333333333333,5.23921980661008,1.23865588602503,4.07259148929492,1.25188865052431,4.16349403196352,0.0333333333333333,5.39682736529685,76,75,70
"sp050","Occasional",0.0333333333333333,0.182574185835055,0.0333333333333333,0.215907519168389,0.0302320278833656,0.162156899146204,0.0305403789142692,0.163799878899912,0.0333333333333333,0.197133212233245,147,147,148
"sp051","Occasional",0.233333333333333,1.27801930084539,0.0333333333333333,1.51135263417872,0.218488732518486,1.19350465043524,0.214818323901468,1.17338500260866,0.0333333333333333,1.406718335942,128,129,128
"sp052","Occasional",0.433333333333333,2.37346441585572,0.0333333333333333,2.80679774918905,0.444742641278559,2.43232853053995,0.432251383269221,2.36387963842925,0.0333333333333333,2.79721297176258,102,102,102
"sp053","Occasional",0.533333333333333,2.73840292409876,0.0333333333333333,3.27173625743209,0.536081466934137,2.77639542364916,0.525876211664193,2.71252500293266,0.0333333333333333,3.24585833626599,97,95,93
"sp054","Occasional",0.566666666666667,2.25424248815479,0.0333333333333333,2.82090915482146,0.526288444192924,2.11206967582404,0.504264219041043,1.99732391616415,0.0333333333333333,2.56399058283082,95,96,95
"sp055","Occasional",0.0666666666666667,0.253708131702462,0.0333333333333333,0.320374798369129,0.05804102563587,0.219110056683516,0.058505537042307,0.220717257953106,0.0333333333333333,0.287383924619773,142,144,142
"sp056","Occasional",0.633333333333333,2.44220552290178,0.0333333333333333,3.07553885623511,0.633619770365287,2.45491823403903,0.62053180221295,2.40625436969674,0.0333333333333333,3.03958770303007,89,89,88
"sp057","Occasional",1.56666666666667,8.5809867342476,0.0333333333333333,10.1476534009143,1.69227635036039,9.2655678815394,1.71991521827977,9.41694649182143,0.0333333333333333,10.9836131584881,68,67,54
"sp058","Occasional",3.23333333333333,10.5526049515922,0.0333333333333333,13.7859382849255,3.21813112442256,10.5726737473789,3.18050529775997,10.328351893995,0.0333333333333333,13.5616852273283,47,47,30
"sp059","Occasional",0.433333333333333,1.00630198159445,0.0333333333333333,1.43963531492778,0.410686431656505,0.957296476246626,0.414544182686612,0.965491611377762,0.0333333333333333,1.3988249447111,103,107,106
"sp060","Occasional",2.7,8.66284177312543,0.0333333333333333,11.3628417731254,2.71428281691505,8.7349068338951,2.7408305951503,8.93183233786166,0.0333333333333333,11.6318323378617,55,55,41
"sp061","Occasional",0.133333333333333,0.730296743340221,0.0333333333333333,0.863630076673554,0.12576627072971,0.685559550730795,0.132086937315853,0.720155981640325,0.0333333333333333,0.853489314973658,134,135,132
"sp062","Core",4.43333333333333,10.230729010777,0.0333333333333333,14.6640623441103,4.63880054494689,10.9879808912955,18.0289868013203,35.480410839129,0.0333333333333333,39.9137441724623,37,37,5
"sp063","Occasional",3.6,11.9470094367904,0.0333333333333333,15.5470094367904,3.61872873828947,12.0702773826562,3.58583245556038,12.0308113298949,0.0333333333333333,15.6308113298949,44,44,26
"sp065","Core",15.1,48.9696246456008,0.0333333333333333,64.0696246456008,14.6926778257644,47.855107138761,1.33968524489337,4.80293346399208,10.2970665360079,19.9029334639921,14,13,68
"sp066","Core",4.96666666666667,27.2035536894232,0.0333333333333333,32.1702203560899,4.849687030356,26.5171198412144,0.0307151947576602,0.147539426171391,4.81912724049528,5.11420609283806,36,36,146
"sp067","Core",10.4333333333333,57.1457201663723,0.0333333333333333,67.5790534997056,10.216377861171,55.9201272077231,13.0396261315452,71.4019315987698,0.0333333333333333,81.8352649321032,19,19,9
"sp074","Core",11.2333333333333,31.602797053571,0.0333333333333333,42.8361303869043,11.2341214523962,31.7533985957287,3.3147645519323,7.8639008888374,3.36943244449594,19.0972342221707,17,17,29
"sp075","Core",8.5,22.3525822005978,0.0333333333333333,30.8525822005978,8.8974742058625,23.7764034917203,2.7941006961259,6.79213792813518,1.70786207186482,15.2921379281352,22,22,37
"sp076","Occasional",0.3,1.14921262400498,0.0333333333333333,1.44921262400498,0.284762341847241,1.09114945424096,0.284611619802994,1.09367618100878,0.0333333333333333,1.39367618100878,118,119,119
"sp077","Core",5.96666666666667,17.9337542146056,0.0333333333333333,23.9004208812723,6.06364318542917,18.205892412419,1.78640999250427,5.24313446222813,0.723532204438536,11.2098011288948,33,33,53
"sp078","Occasional",2.73333333333333,10.4845809063409,0.0333333333333333,13.2179142396743,2.72691027436753,10.4140904968292,2.66489956206907,10.1684346005609,0.0333333333333333,12.9017679338942,54,54,42
"sp079","Core",7.03333333333333,13.2052323311459,0.0333333333333333,20.2385656644792,6.96773095901776,13.0531268436521,4.42968524277066,10.7154351457946,0.0333333333333333,17.7487684791279,27,28,20
"sp080","Core",20.1,64.1573228007958,0.0333333333333333,84.2573228007958,19.6129882803332,61.9612799194144,4.56593146669814,14.95774080068,5.14225919931996,35.05774080068,9,9,19
"sp081","Occasional",0.233333333333333,1.27801930084539,0.0333333333333333,1.51135263417872,0.227327845706605,1.2419506889402,0.237697339574528,1.29870920845194,0.0333333333333333,1.53204254178528,129,127,126
"sp082","Core",31.7,69.031302245106,0.0333333333333333,100.731302245106,32.4556762268149,70.7354601308972,9.57981944515602,19.0864691142043,12.6135308857957,50.7864691142043,3,3,14
"sp083","Occasional",0.266666666666667,1.46059348668044,0.0333333333333333,1.72726015334711,0.277450774944452,1.5167891635519,0.274796626583685,1.50225896878025,0.0333333333333333,1.76892563544692,124,121,120
"sp084","Core",15.9333333333333,36.7760541782223,0.0333333333333333,52.7093875115556,15.6859286002842,35.8308241927958,4.15178005867482,9.77425402599618,6.15907930733716,25.7075873593295,11,12,21
"sp085","Core",38.6,63.0711694341646,0.0333333333333333,101.671169434165,38.840653702063,64.323518631948,97.4973096258689,405.846663600649,0.0333333333333333,444.446663600649,2,2,1
"sp086","Occasional",0.3,0.749712588607955,0.0333333333333333,1.04971258860796,0.275202274905108,0.688216520406465,0.268138055258926,0.660936990232192,0.0333333333333333,0.960936990232192,119,122,121
"sp087","Occasional",3.43333333333333,10.2643787568643,0.0333333333333333,13.6977120901977,3.40360413977889,10.2912660161404,3.33876990647833,10.1184971079011,0.0333333333333333,13.5518304412344,46,45,28
"sp088","Core",5.56666666666667,29.5596221959587,0.0333333333333333,35.1262888626254,5.67939969297701,30.1918614872721,1.22543295763833,6.47412329454067,0.0333333333333333,12.0407899612073,35,34,71
"sp089","Occasional",0.0333333333333333,0.182574185835055,0.0333333333333333,0.215907519168389,0.0294350402412448,0.158191089484615,0.0299407311050914,0.160994927552176,0.0333333333333333,0.194328260885509,148,149,150
"sp090","Occasional",0.5,1.61352046031715,0.0333333333333333,2.11352046031715,0.473188430345077,1.54104069795002,0.476353769882946,1.56779931415174,0.0333333333333333,2.06779931415174,98,98,96
"sp091","Occasional",0.0333333333333333,0.182574185835055,0.0333333333333333,0.215907519168389,0.0311737275788341,0.167480046973019,0.0309794852652834,0.166417708460707,0.0333333333333333,0.19975104179404,149,146,144
"sp092","Occasional",0.733333333333333,4.01663208837122,0.0333333333333333,4.74996542170455,0.712156446713698,3.89746353889837,0.757587273817435,4.1463131805502,0.0333333333333333,4.87964651388354,88,88,83
"sp093","Occasional",0.933333333333333,5.11207720338155,0.0333333333333333,6.04541053671488,0.914352521583428,5.00464511610208,0.924680294849423,5.06120103545685,0.0333333333333333,5.99453436879018,81,81,77
"sp094","Occasional",0.4,2.19089023002066,0.0333333333333333,2.59089023002066,0.419640391943227,2.29506233439088,0.448998283805313,2.45584106447868,0.0333333333333333,2.85584106447868,109,105,99
"sp095","Occasional",0.6,1.49942517721591,0.0333333333333333,2.09942517721591,0.570179815150571,1.42929289397543,0.565109299412668,1.40625066538025,0.0333333333333333,2.00625066538025,92,92,90
"sp096","Core",4.36666666666667,13.5200574711422,0.0333333333333333,17.8867241378089,4.4896261093399,13.9854741439433,2.75932704835128,8.77052902040855,0.0333333333333333,13.1371956870752,38,38,38
"sp097","Occasional",0.633333333333333,2.20474931460016,0.0333333333333333,2.83808264793349,0.61823570801528,2.15188002318828,0.625068691162417,2.19889847589283,0.0333333333333333,2.83223180922616,90,90,87
"sp098","Core",15.5666666666667,41.4717879455697,0.0333333333333333,57.0384546122363,16.3996556323937,44.2450896129622,0.291570964652884,0.9515310663089,14.6151356003578,16.5181977329756,12,10,117
"sp099","Occasional",2.16666666666667,9.2067566393433,0.0333333333333333,11.37342330601,2.01469815919736,8.58307713223053,2.09413629531942,8.95411763881831,0.0333333333333333,11.120784305485,61,63,48
"sp101","Occasional",0.2,1.09544511501033,0.0333333333333333,1.29544511501033,0.199097852923354,1.08707082449836,0.209618844692137,1.14468680362904,0.0333333333333333,1.34468680362904,132,131,129
"sp102","Occasional",1.43333333333333,5.37993291416534,0.0333333333333333,6.81326624749867,1.44831601790504,5.46145569331676,1.45775107086887,5.50670382625614,0.0333333333333333,6.94003715958948,73,73,64
"sp103","Occasional",1.83333333333333,8.35457063975837,0.0333333333333333,10.1879039730917,1.75785220936153,8.04191934370533,1.64812833984284,7.43864141343237,0.0333333333333333,9.2719747467657,64,64,59
"sp104","Occasional",1.53333333333333,4.60684148910586,0.0333333333333333,6.1401748224392,1.5620211621658,4.74052614868895,1.5233825172942,4.62557780046846,0.0333333333333333,6.15891113380179,70,69,61
"sp105","Core",5.63333333333333,10.9654106117855,0.0333333333333333,16.5987439451188,5.58358675773656,11.0423061024035,2.39490170678843,7.16101390306652,0.0333333333333333,12.7943472363999,34,35,45
"sp106","Occasional",0.366666666666667,1.24522074855974,0.0333333333333333,1.61188741522641,0.363636061398092,1.27453152639233,0.360611159146457,1.26525845377045,0.0333333333333333,1.63192512043712,112,111,109
"sp107","Occasional",0.0666666666666667,0.365148371670111,0.0333333333333333,0.431815038336777,0.0634804947806193,0.344453870139104,0.0612781034303457,0.332422913041307,0.0333333333333333,0.399089579707974,143,141,140
"sp108","Occasional",2.23333333333333,5.5812699910185,0.0333333333333333,7.81460332435184,2.15347931778545,5.36226769176357,2.1867912620373,5.50666954703892,0.0333333333333333,7.74000288037225,59,59,47
"sp109","Core",11.1666666666667,31.7643080259561,0.0333333333333333,42.9309746926227,10.820664668851,30.5330582597828,13.7793747941438,38.993424555057,0.0333333333333333,50.1600912217236,18,18,8
"sp110","Core",22,65.0596543234719,0.0333333333333333,87.0596543234719,22.7322292859846,67.1011754244696,1.68918655264337,5.09364949758834,16.9063505024117,27.0936494975883,8,8,56
"sp111","Core",6.13333333333333,13.9178212061528,0.0333333333333333,20.0511545394861,6.21753166188858,14.0277023590787,1.61016885601408,3.62056939978052,2.51276393355282,9.75390273311385,32,32,60
"sp112","Occasional",0.766666666666667,4.19920627420627,0.0333333333333333,4.96587294087294,0.747816624013021,4.0928795645292,0.737628246103812,4.03706319734023,0.0333333333333333,4.80372986400689,87,86,84
"sp113","Occasional",2.96666666666667,9.31621994281954,0.0333333333333333,12.2828866094862,2.86948997348906,9.02885188315835,2.83673932732865,8.7710435072742,0.0333333333333333,11.7377101739409,50,52,36
"sp114","Occasional",0.0666666666666667,0.36514837167011,0.0333333333333333,0.431815038336777,0.0599778046820983,0.324971460680052,0.059425930536466,0.321941465126072,0.0333333333333333,0.388608131792739,144,142,141
"sp115","Core",15.2333333333333,79.3206862323305,0.0333333333333333,94.5540195656638,14.5067178466655,75.4582513588068,19.8969103662716,103.65954446611,0.0333333333333333,118.892877799444,13,14,3
"sp116","Occasional",2.16666666666667,3.50451269014713,0.0333333333333333,5.6711793568138,2.08375746414925,3.39582310039051,2.05813901637235,3.36386999559242,0.0333333333333333,5.53053666225909,62,61,49
"sp117","Core",6.36666666666667,18.6130901904219,0.0333333333333333,24.9797568570886,6.50253683451578,19.2665273312654,3.74377181607207,9.81775059869928,0.0333333333333333,16.1844172653659,30,30,23
"sp118","Occasional",0.1,0.547722557505166,0.0333333333333333,0.647722557505166,0.097348502196656,0.529858455637766,0.0955653657893016,0.520074163701126,0.0333333333333333,0.620074163701126,138,138,138
"sp119","Occasional",0.3,0.749712588607955,0.0333333333333333,1.04971258860796,0.280789944578567,0.710917142288679,0.287829204853897,0.726548529581806,0.0333333333333333,1.02654852958181,120,120,118
"sp120","Core",52.2333333333333,75.5342732591081,0.0333333333333333,127.767606592441,51.7291511966955,74.7208269018713,7.5924385714115,24.3637070199623,27.869626313371,76.5970403532957,1,1,16
"sp121","Core",8.13333333333333,16.0080439549736,0.0333333333333333,24.141377288307,7.90195926230815,15.2195553471807,12.2691841857416,19.5826263060597,0.0333333333333333,27.7159596393931,23,24,11
"sp122","Occasional",0.433333333333333,1.69549775690744,0.0333333333333333,2.12883109024077,0.409955148898933,1.59739431450315,0.431406720136142,1.69100603302876,0.0333333333333333,2.12433936636209,104,108,103
"sp123","Occasional",0.433333333333333,1.54659433045272,0.0333333333333333,1.97992766378606,0.419340764580492,1.5421661317967,0.417784426780891,1.52332375827379,0.0333333333333333,1.95665709160713,105,106,105
"sp124","Occasional",1,2.31933403045521,0.0333333333333333,3.31933403045521,0.95846604680143,2.30278469919544,0.981248672999259,2.36466743131455,0.0333333333333333,3.36466743131455,79,78,74
"sp125","Occasional",2.96666666666667,16.2491025393199,0.0333333333333333,19.2157692059866,3.02122084092426,16.5446419056977,2.9564555216191,16.1899155222649,0.0333333333333333,19.1565821889316,51,48,32
"sp126","Occasional",0.633333333333333,2.35596577068591,0.0333333333333333,2.98929910401925,0.60192360399991,2.2289381157039,0.562463318289572,2.0791136024152,0.0333333333333333,2.71244693574853,91,91,91
"sp127","Occasional",0.266666666666667,1.2847469449832,0.0333333333333333,1.55141361164987,0.272827719095547,1.33548746096106,0.262349893678015,1.28857263523453,0.0333333333333333,1.5552393019012,125,123,122
"sp128","Occasional",0.133333333333333,0.730296743340221,0.0333333333333333,0.863630076673555,0.130283218271197,0.709957761960655,0.12854596230037,0.700470220922397,0.0333333333333333,0.83380355425573,135,133,134
"sp129","Occasional",0.0333333333333333,0.182574185835055,0.0333333333333333,0.215907519168389,0.0320962353151365,0.172342879742362,0.0306773443462306,0.164555128710331,0.0333333333333333,0.197888462043664,150,145,147
"sp130","Occasional",0.466666666666667,2.20865590790875,0.0333333333333333,2.67532257457542,0.456774308853663,2.16610465973573,0.447557460443527,2.11931710302344,0.0333333333333333,2.5859837696901,99,100,100
"sp131","Occasional",1.7,5.70631833720458,0.0333333333333333,7.40631833720458,1.71178692416011,5.86644430468874,1.70279483925289,5.83270155786345,0.0333333333333333,7.53270155786345,67,66,55
"sp132","Occasional",0.333333333333333,1.82574185835055,0.0333333333333333,2.15907519168389,0.339505295806522,1.85636092666242,0.328415281983212,1.79556986401495,0.0333333333333333,2.12890319734828,115,113,112
"sp133","Occasional",0.333333333333333,1.82574185835055,0.0333333333333333,2.15907519168389,0.317962221113201,1.73806250793889,0.321453673583682,1.75714066537209,0.0333333333333333,2.09047399870542,116,115,113
"sp134","Occasional",1.26666666666667,5.9069411731444,0.0333333333333333,7.17360783981106,1.22995580006444,5.75541015364311,1.27486744294037,5.9266345216989,0.0333333333333333,7.19330118836557,75,76,69
"sp135","Core",10.2,40.2461392451243,0.0333333333333333,50.4461392451243,10.1488033039569,39.7069734451002,9.80837072264725,41.504078299368,0.0333333333333333,51.704078299368,20,20,13
"sp136","Occasional",0.1,0.547722557505166,0.0333333333333333,0.647722557505166,0.097891211954458,0.533103794444327,0.0962335354034415,0.524032226270193,0.0333333333333333,0.624032226270193,139,137,137
"sp137","Occasional",0.4,1.22051430651746,0.0333333333333333,1.62051430651746,0.377134081655345,1.1869874197322,0.381369153465153,1.21421181503385,0.0333333333333333,1.61421181503385,110,110,108
"sp138","Occasional",3.2,13.0632413995175,0.0333333333333333,16.2632413995175,2.89345981957445,11.6705985843125,2.89284784477791,11.6719569001492,0.0333333333333333,14.8719569001492,48,50,35
"sp143","Occasional",2.53333333333333,9.52576662978143,0.0333333333333333,12.0590999631148,2.46139728470797,9.29543726399332,2.54470625480235,9.71917268989384,0.0333333333333333,12.2525060232272,57,57,43
"sp144","Occasional",0.433333333333333,2.37346441585572,0.0333333333333333,2.80679774918905,0.472759377833554,2.58593640236717,0.463274533820569,2.53402579919585,0.0333333333333333,2.96735913252918,106,99,98
"sp145","Core",6.8,14.772761514308,0.0333333333333333,21.572761514308,6.64833124416985,14.5532392482276,0.718050992902293,1.51984060501071,5.28015939498929,8.31984060501071,29,29,85
"sp146","Occasional",0.466666666666667,1.69651434404199,0.0333333333333333,2.16318101070866,0.449265278168614,1.62450084241406,0.473996979268095,1.73107637184274,0.0333333333333333,2.19774303850941,100,101,97
"sp147","Core",4.3,10.1544962013607,0.0333333333333333,14.4544962013607,4.46118791408657,10.7572477311805,1.35894145306943,2.74633815895954,1.55366184104046,7.04633815895954,40,39,67
"sp148","Occasional",0.0333333333333333,0.182574185835055,0.0333333333333333,0.215907519168389,0.0277609929228604,0.148280137796419,0.0282338468643763,0.150863399139796,0.0333333333333333,0.18419673247313,151,151,151
"sp150","Occasional",0.3,1.20773369980935,0.0333333333333333,1.50773369980935,0.301595610133422,1.19846581477351,0.303160187161831,1.21048884482906,0.0333333333333333,1.51048884482906,121,117,116
"sp151","Core",13.9666666666667,53.3979744762001,0.0333333333333333,67.3646411428668,14.0756107591089,53.7959082517321,17.7323812405109,69.2953452627436,0.0333333333333333,83.2620119294103,15,15,6
"sp152","Occasional",0.0333333333333333,0.182574185835055,0.0333333333333333,0.215907519168389,0.0291024927866771,0.156134163871851,0.0300839885508339,0.161541703216804,0.0333333333333333,0.194875036550137,152,150,149
"sp153","Core",24.9333333333333,66.8482240412658,0.0333333333333333,91.7815573745991,25.0389896978981,67.4637087888991,12.8532501435923,31.6701044642518,0.0333333333333333,56.6034377975852,7,7,10
"sp154","Core",7.1,27.4444266058546,0.0333333333333333,34.5444266058546,7.2214492222854,27.7339522987777,9.330600043758,35.5954689700167,0.0333333333333333,42.6954689700167,26,27,15
"sp155","Core",7.03333333333333,33.4741107716698,0.0333333333333333,40.5074441050032,7.31865644346642,34.8210587214976,2.90233848197867,14.1769625104647,0.0333333333333333,21.2102958437981,28,26,34
"sp156","Occasional",0.433333333333333,1.77498583449099,0.0333333333333333,2.20831916782432,0.4219035261151,1.72217031295295,0.425480718123401,1.73917181524559,0.0333333333333333,2.17250514857893,107,104,104
"sp157","Occasional",0.133333333333333,0.730296743340221,0.0333333333333333,0.863630076673554,0.126176488306647,0.688006013058876,0.130906264547663,0.713930847358832,0.0333333333333333,0.847264180692165,136,134,133
"sp158","Occasional",3.46666666666667,10.8651081316591,0.0333333333333333,14.3317747983257,3.38501706713117,10.5960275440101,3.46948556967907,10.7746267452435,0.0333333333333333,14.2412934119101,45,46,27
"sp159","Occasional",4.1,9.33421588602366,0.0333333333333333,13.4342158860237,4.01308126863577,9.16397898079298,4.04343919660225,9.34389555408535,0.0333333333333333,13.4438955540853,41,41,22
"sp160","Core",25.7333333333333,55.4858996274843,0.0333333333333333,81.2192329608177,26.0645953439155,57.2059820798391,14.4731934405187,31.9635579378958,0.0333333333333333,57.6968912712291,6,6,7
"sp161","Occasional",2.5,5.88246957288026,0.0333333333333333,8.38246957288026,2.44292671796708,5.84391759932942,2.44767933988976,5.84042800724594,0.0333333333333333,8.34042800724594,58,58,44
"sp162","Core",7.7,17.0741789321448,0.0333333333333333,24.7741789321448,7.88645767788563,17.9321245323936,4.74078809666502,10.7851891017193,0.0333333333333333,18.4851891017193,25,25,18
"sp163","Occasional",1.73333333333333,6.09088257764937,0.0333333333333333,7.8242159109827,1.73629691385138,6.23457809141401,1.68500903215609,5.87989862374212,0.0333333333333333,7.61323195707546,66,65,57
"sp164","Occasional",0.0333333333333333,0.182574185835055,0.0333333333333333,0.215907519168389,0.027397090735924,0.146779526294384,0.02785458085981,0.149288557467368,0.0333333333333333,0.182621890800701,153,152,152
"sp165","Occasional",0.466666666666667,1.16658456197135,0.0333333333333333,1.63325122863802,0.439866023900591,1.12164453181574,0.442206062681167,1.12930164974218,0.0333333333333333,1.59596831640884,101,103,101
"sp166","Occasional",0.833333333333333,2.64031520236052,0.0333333333333333,3.47364853569386,0.820185629555455,2.62013144466977,0.82066561263122,2.61595546092775,0.0333333333333333,3.44928879426109,84,84,81
